{"cameraMode":{"drawMode":0,"name":"Shaded","section":"Shading Mode"},"sceneLighting":true,"audioPlay":false,"sceneViewState":{"m_AlwaysRefresh":false,"showFog":true,"showSkybox":true,"showFlares":true,"showImageEffects":true,"showParticleSystems":true,"showVisualEffectGraphs":true,"m_FxEnabled":true},"in2DMode":false,"pivot":{"x":624.444580078125,"y":231.60650634765626,"z":-10.251541137695313},"rotation":{"x":0.007189698051661253,"y":-0.012901517562568188,"z":-0.00009253890311811119,"w":-0.9998922944068909},"size":266.4604797363281,"orthographic":false}